{
    "Abrera": "Baix Llobregat",
    "Aguilar de Segarra": "Bages",
    "Aiguafreda": "Vallès Oriental",
    "Alella": "Maresme",
    "Alpens": "Lluçanès",
    "Ametlla del Vallès": "Vallès Oriental",
    "Arenys de Mar": "Maresme",
    "Arenys de Munt": "Maresme",
    "Argentona": "Maresme",
    "Artés": "Bages",
    "Avià": "Berguedà",
    "Avinyó": "Bages",
    "Avinyonet del Penedès": "Alt Penedès",
    "Badalona": "Barcelonès",
    "Bagà": "Berguedà",
    "Balenyà": "Osona",
    "Balsareny": "Bages",
    "Barberà del Vallès": "Vallès Occidental",
    "Barcelona": "Barcelonès",
    "Begues": "Baix Llobregat",
    "Bellprat": "Anoia",
    "Berga": "Berguedà",
    "Bigues i Riells": "Vallès Oriental",
    "Borredà": "Berguedà",
    "Bruc": "Anoia",
    "Brull": "Osona",
    "Cabanyes": "Alt Penedès",
    "Cabrera d'Anoia": "Anoia",
    "Cabrera de Mar": "Maresme",
    "Cabrils": "Maresme",
    "Calaf": "Anoia",
    "Calders": "Moianès",
    "Caldes d'Estrac": "Maresme",
    "Caldes de Montbui": "Vallès Oriental",
    "Calella": "Maresme",
    "Calldetenes": "Osona",
    "Callús": "Bages",
    "Calonge de Segarra": "Anoia",
    "Campins": "Vallès Oriental",
    "Canet de Mar": "Maresme",
    "Canovelles": "Vallès Oriental",
    "Cànoves i Samalús": "Vallès Oriental",
    "Capellades": "Anoia",
    "Capolat": "Berguedà",
    "Cardedeu": "Vallès Oriental",
    "Cardona": "Bages",
    "Carme": "Anoia",
    "Casserres": "Berguedà",
    "Castellar de n'Hug": "Berguedà",
    "Castellar del Vallès": "Vallès Occidental",
    "Castellbell i el Vilar": "Bages",
    "Castellbisbal": "Vallès Occidental",
    "Castellcir": "Moianès",
    "Castelldefels": "Baix Llobregat",
    "Castellet i la Gornal": "Alt Penedès",
    "Castellfollit del Boix": "Bages",
    "Castellfollit de Riubregós": "Anoia",
    "Castellgalí": "Bages",
    "Castellnou de Bages": "Bages",
    "Castellolí": "Anoia",
    "Castellterçol": "Moianès",
    "Castellví de la Marca": "Alt Penedès",
    "Castellví de Rosanes": "Baix Llobregat",
    "Centelles": "Osona",
    "Cercs": "Berguedà",
    "Cerdanyola del Vallès": "Vallès Occidental",
    "Cervelló": "Baix Llobregat",
    "Collbató": "Baix Llobregat",
    "Collsuspina": "Moianès",
    "Copons": "Anoia",
    "Corbera de Llobregat": "Baix Llobregat",
    "Cornellà de Llobregat": "Baix Llobregat",
    "Cubelles": "Garraf",
    "Dosrius": "Maresme",
    "Esparreguera": "Baix Llobregat",
    "Esplugues de Llobregat": "Baix Llobregat",
    "Fogars de la Selva": "Selva",
    "Fogars de Montclús": "Vallès Oriental",
    "Folgueroles": "Osona",
    "Fonollosa": "Bages",
    "Font-rubí": "Alt Penedès",
    "Franqueses del Vallès": "Vallès Oriental",
    "Gaià": "Bages",
    "Gallifa": "Vallès Occidental",
    "Garriga": "Vallès Oriental",
    "Gavà": "Baix Llobregat",
    "Gelida": "Alt Penedès",
    "Gironella": "Berguedà",
    "Gisclareny": "Berguedà",
    "Granada": "Alt Penedès",
    "Granera": "Moianès",
    "Granollers": "Vallès Oriental",
    "Gualba": "Vallès Oriental",
    "Guardiola de Berguedà": "Berguedà",
    "Gurb": "Osona",
    "Hospitalet de Llobregat": "Barcelonès",
    "Hostalets de Pierola": "Anoia",
    "Igualada": "Anoia",
    "Jorba": "Anoia",
    "Llacuna": "Anoia",
    "Llagosta": "Vallès Oriental",
    "Llinars del Vallès": "Vallès Oriental",
    "Lliçà d'Amunt": "Vallès Oriental",
    "Lliçà de Vall": "Vallès Oriental",
    "Malgrat de Mar": "Maresme",
    "Manlleu": "Osona",
    "Manresa": "Bages",
    "Marganell": "Bages",
    "Martorell": "Baix Llobregat",
    "Martorelles": "Vallès Oriental",
    "Masies de Roda": "Osona",
    "Masies de Voltregà": "Osona",
    "Masnou": "Maresme",
    "Masquefa": "Anoia",
    "Matadepera": "Vallès Occidental",
    "Mataró": "Maresme",
    "Mediona": "Alt Penedès",
    "Moià": "Moianès",
    "Molins de Rei": "Baix Llobregat",
    "Mollet del Vallès": "Vallès Oriental",
    "Monistrol de Calders": "Moianès",
    "Monistrol de Montserrat": "Bages",
    "Montcada i Reixac": "Vallès Occidental",
    "Montclar": "Berguedà",
    "Montesquiu": "Osona",
    "Montgat": "Maresme",
    "Montmajor": "Berguedà",
    "Montmaneu": "Anoia",
    "Montmeló": "Vallès Oriental",
    "Montornès del Vallès": "Vallès Oriental",
    "Montseny": "Vallès Oriental",
    "Mura": "Bages",
    "Navarcles": "Bages",
    "Navàs": "Bages",
    "Nou de Berguedà": "Berguedà",
    "Òdena": "Anoia",
    "Olèrdola": "Alt Penedès",
    "Olesa de Bonesvalls": "Alt Penedès",
    "Olesa de Montserrat": "Baix Llobregat",
    "Olivella": "Garraf",
    "Olost": "Lluçanès",
    "Orís": "Osona",
    "Oristà": "Lluçanès",
    "Palafolls": "Maresme",
    "Palau-solità i Plegamans": "Vallès Occidental",
    "Papiol": "Baix Llobregat",
    "Parets del Vallès": "Vallès Oriental",
    "Perafita": "Lluçanès",
    "Piera": "Anoia",
    "Pineda de Mar": "Maresme",
    "Pla del Penedès": "Alt Penedès",
    "Pobla de Claramunt": "Anoia",
    "Pobla de Lillet": "Berguedà",
    "Polinyà": "Vallès Occidental",
    "Pontons": "Alt Penedès",
    "Prat de Llobregat": "Baix Llobregat",
    "Prats de Lluçanès": "Lluçanès",
    "Premià de Dalt": "Maresme",
    "Premià de Mar": "Maresme",
    "Puigdàlber": "Alt Penedès",
    "Puig-reig": "Berguedà",
    "Pujalt": "Anoia",
    "Quar": "Berguedà",
    "Rajadell": "Bages",
    "Rellinars": "Vallès Occidental",
    "Ripollet": "Vallès Occidental",
    "Roca del Vallès": "Vallès Oriental",
    "Rubí": "Vallès Occidental",
    "Rubió": "Anoia",
    "Rupit i Pruit": "Osona",
    "Sabadell": "Vallès Occidental",
    "Sagàs": "Berguedà",
    "Saldes": "Berguedà",
    "Sallent": "Bages",
    "Sant Adrià de Besòs": "Barcelonès",
    "Sant Agustí de Lluçanès": "Lluçanès",
    "Sant Andreu de la Barca": "Baix Llobregat",
    "Sant Andreu de Llavaneres": "Maresme",
    "Sant Antoni de Vilamajor": "Vallès Oriental",
    "Sant Bartomeu del Grau": "Osona",
    "Sant Boi de Llobregat": "Baix Llobregat",
    "Sant Boi de Lluçanès": "Lluçanès",
    "Sant Cebrià de Vallalta": "Maresme",
    "Sant Celoni": "Vallès Oriental",
    "Sant Climent de Llobregat": "Baix Llobregat",
    "Sant Cugat del Vallès": "Vallès Occidental",
    "Sant Cugat Sesgarrigues": "Alt Penedès",
    "Sant Esteve de Palautordera": "Vallès Oriental",
    "Sant Esteve Sesrovires": "Baix Llobregat",
    "Sant Feliu de Codines": "Vallès Oriental",
    "Sant Feliu de Llobregat": "Baix Llobregat",
    "Sant Feliu Sasserra": "Lluçanès",
    "Sant Fost de Campsentelles": "Vallès Oriental",
    "Sant Fruitós de Bages": "Bages",
    "Sant Hipòlit de Voltregà": "Osona",
    "Sant Iscle de Vallalta": "Maresme",
    "Sant Jaume de Frontanyà": "Berguedà",
    "Sant Joan de Vilatorrada": "Bages",
    "Sant Joan Despí": "Baix Llobregat",
    "Sant Julià de Vilatorta": "Osona",
    "Sant Just Desvern": "Baix Llobregat",
    "Sant Llorenç d'Hortons": "Alt Penedès",
    "Sant Llorenç Savall": "Vallès Occidental",
    "Sant Martí de Centelles": "Osona",
    "Sant Martí Sarroca": "Alt Penedès",
    "Sant Martí Sesgueioles": "Anoia",
    "Sant Mateu de Bages": "Bages",
    "Sant Pere de Ribes": "Garraf",
    "Sant Pere de Riudebitlles": "Alt Penedès",
    "Sant Pere de Torelló": "Osona",
    "Sant Pere de Vilamajor": "Vallès Oriental",
    "Sant Pol de Mar": "Maresme",
    "Sant Quintí de Mediona": "Alt Penedès",
    "Sant Quirze de Besora": "Osona",
    "Sant Quirze del Vallès": "Vallès Occidental",
    "Sant Sadurní d'Anoia": "Alt Penedès",
    "Sant Salvador de Guardiola": "Bages",
    "Sant Vicenç de Castellet": "Bages",
    "Sant Vicenç dels Horts": "Baix Llobregat",
    "Santa Cecília de Voltregà": "Osona",
    "Santa Coloma de Cervelló": "Baix Llobregat",
    "Santa Coloma de Gramenet": "Barcelonès",
    "Santa Eugènia de Berga": "Osona",
    "Santa Eulàlia de Riuprimer": "Osona",
    "Santa Margarida de Montbui": "Anoia",
    "Santa Margarida i els Monjos": "Alt Penedès",
    "Santa Maria de Besora": "Osona",
    "Santa Maria de Martorelles": "Vallès Oriental",
    "Santa Maria de Miralles": "Anoia",
    "Santa Maria de Palautordera": "Vallès Oriental",
    "Santa Perpètua de Mogoda": "Vallès Occidental",
    "Santa Susanna": "Maresme",
    "Santpedor": "Bages",
    "Sentmenat": "Vallès Occidental",
    "Seva": "Osona",
    "Sitges": "Garraf",
    "Sobremunt": "Lluçanès",
    "Sora": "Osona",
    "Subirats": "Alt Penedès",
    "Súria": "Bages",
    "Tagamanent": "Vallès Oriental",
    "Talamanca": "Bages",
    "Taradell": "Osona",
    "Teià": "Maresme",
    "Terrassa": "Vallès Occidental",
    "Tiana": "Maresme",
    "Tona": "Osona",
    "Tordera": "Maresme",
    "Torrelles de Foix": "Alt Penedès",
    "Torrelles de Llobregat": "Baix Llobregat",
    "Ullastrell": "Vallès Occidental",
    "Vacarisses": "Vallès Occidental",
    "Vallbona d'Anoia": "Anoia",
    "Vallcebre": "Berguedà",
    "Vallgorguina": "Vallès Oriental",
    "Vallirana": "Baix Llobregat",
    "Veciana": "Anoia",
    "Vic": "Osona",
    "Vilada": "Berguedà",
    "Viladecans": "Baix Llobregat",
    "Viladecavalls": "Vallès Occidental",
    "Vilafranca del Penedès": "Alt Penedès",
    "Vilalba Sasserra": "Vallès Oriental",
    "Vilanova del Camí": "Anoia",
    "Vilanova i la Geltrú": "Garraf",
    "Vilassar de Dalt": "Maresme",
    "Vilassar de Mar": "Maresme",
    "Vilobí del Penedès": "Alt Penedès",
    "Viver i Serrateix": "Berguedà"
}